Date,ChannelName,Views,Subscribers,Videos
2026-02-26,Yevgeniy Kovalenko,334922,5050,203
2026-02-26,Нейропросвещение,81459,3040,85
2026-02-26,Yevgeniy Kovalenko,334922,5050,203
2026-02-26,Нейропросвещение,81459,3040,85
2026-02-26,Yevgeniy Kovalenko,334922,5050,203
2026-02-26,Нейропросвещение,81459,3040,85
2026-02-26,Yevgeniy Kovalenko,334922,5050,203
2026-02-26,Нейропросвещение,81459,3040,85
2026-02-27,Yevgeniy Kovalenko,335637,5060,203
2026-02-27,Нейропросвещение,82240,3070,85
2026-02-27,Yevgeniy Kovalenko,335637,5100,204
2026-02-27,Нейропросвещение,82240,3110,87
2026-02-27,Yevgeniy Kovalenko,339059,5110,204
2026-02-27,Нейропросвещение,85386,3140,87
2026-02-27,Yevgeniy Kovalenko,339059,5120,204
2026-02-27,Нейропросвещение,85386,3140,87
2026-02-27,Yevgeniy Kovalenko,339059,5120,204
2026-02-27,Нейропросвещение,85386,3140,87
2026-02-27,Yevgeniy Kovalenko,339059,5120,204
2026-02-27,Нейропросвещение,85386,3140,87
2026-02-28,Yevgeniy Kovalenko,341503,5150,202
2026-02-28,Нейропросвещение,87112,3180,88
2026-02-28,Yevgeniy Kovalenko,341503,5160,202
2026-02-28,Нейропросвещение,87112,3190,88
2026-02-28,Yevgeniy Kovalenko,341503,5160,202
2026-02-28,Нейропросвещение,87112,3190,88
2026-02-28,Yevgeniy Kovalenko,341503,5150,202
2026-02-28,Нейропросвещение,87112,3190,88
2026-02-28,Yevgeniy Kovalenko,341503,5160,203
2026-02-28,Нейропросвещение,87112,3190,88
2026-02-28,Yevgeniy Kovalenko,341503,5160,203
2026-02-28,Нейропросвещение,87112,3190,88
2026-02-28,Yevgeniy Kovalenko,341503,5160,203
2026-02-28,Нейропросвещение,87112,3190,88
2026-02-28,Yevgeniy Kovalenko,341503,5160,203
2026-02-28,Нейропросвещение,87112,3190,88
2026-02-28,Yevgeniy Kovalenko,347832,5160,203
2026-02-28,Нейропросвещение,87112,3190,88
2026-02-28,Yevgeniy Kovalenko,347832,5160,203
2026-02-28,Нейропросвещение,87112,3190,88
2026-02-28,Yevgeniy Kovalenko,347832,5160,203
2026-02-28,Нейропросвещение,87112,3190,88
